<?xml version="1.0" encoding="UTF-8"?>
<project name="RunTests-x" default="run" basedir=".">
    <property name="classname" value="org.modeldriven.alf.fuml.impl.execution.Alf"/>
    <path id="cp">
        <pathelement location="${classpath}" />
        <pathelement location="../fUML-Reference-Implementation/target/fuml/classes" />
        <pathelement location="../fUML-Reference-Implementation/lib/commons-logging.jar" />
        <pathelement location="../fUML-Reference-Implementation/lib/log4j.jar" />
    </path>
    <target name="run">
        <java classname="${classname}" classpath="bin" output="tests-x.txt">
            <classpath refid="cp" />
            <arg value="-v"/>
            <arg value="-m"/>
            <arg value="tests-x"/>
            <arg value="-d"/>
            <arg value="OFF"/>
            <arg value="Expressions_Assignment" />
        </java>
        <java classname="${classname}" classpath="bin" output="tests-x.txt" append="true">
            <classpath refid="cp" />
            <arg value="-v"/>
            <arg value="-m"/>
            <arg value="tests-x"/>
            <arg value="-d"/>
            <arg value="OFF"/>
            <arg value="Expressions_Assignment_Feature" />
        </java>
        <java classname="${classname}" classpath="bin" output="tests-x.txt" append="true">
            <classpath refid="cp" />
            <arg value="-v"/>
            <arg value="-m"/>
            <arg value="tests-x"/>
            <arg value="-d"/>
            <arg value="OFF"/>
            <arg value="Expressions_Assignment_Indexed" />
        </java>
        <java classname="${classname}" classpath="bin" output="tests-x.txt" append="true">
            <classpath refid="cp" />
            <arg value="-v"/>
            <arg value="-m"/>
            <arg value="tests-x"/>
            <arg value="-d"/>
            <arg value="OFF"/>
            <arg value="Expressions_Assignment_Feature_Indexed" />
        </java>
        <java classname="${classname}" classpath="bin" output="tests-x.txt" append="true">
            <classpath refid="cp" />
            <arg value="-v"/>
            <arg value="-m"/>
            <arg value="tests-x"/>
            <arg value="-d"/>
            <arg value="OFF"/>
            <arg value="Expressions_Association" />
        </java>
        <java classname="${classname}" classpath="bin" output="tests-x.txt" append="true">
            <classpath refid="cp" />
            <arg value="-v"/>
            <arg value="-m"/>
            <arg value="tests-x"/>
            <arg value="-d"/>
            <arg value="OFF"/>
            <arg value="Expressions_Constructor_Destructor" />
        </java>
        <java classname="${classname}" classpath="bin" output="tests-x.txt" append="true">
            <classpath refid="cp" />
            <arg value="-v"/>
            <arg value="-m"/>
            <arg value="tests-x"/>
            <arg value="-d"/>
            <arg value="OFF"/>
            <arg value="Expressions_Increment_Decrement" />
        </java>
        <java classname="${classname}" classpath="bin" output="tests-x.txt" append="true">
            <classpath refid="cp" />
            <arg value="-v"/>
            <arg value="-m"/>
            <arg value="tests-x"/>
            <arg value="-d"/>
            <arg value="OFF"/>
            <arg value="Expressions_Invocation" />
        </java>
        <java classname="${classname}" classpath="bin" output="tests-x.txt" append="true">
            <classpath refid="cp" />
            <arg value="-v"/>
            <arg value="-m"/>
            <arg value="tests-x"/>
            <arg value="-d"/>
            <arg value="OFF"/>
            <arg value="Expressions_Literal_Name" />
        </java>
        <java classname="${classname}" classpath="bin" output="tests-x.txt" append="true">
            <classpath refid="cp" />
            <arg value="-v"/>
            <arg value="-m"/>
            <arg value="tests-x"/>
            <arg value="-d"/>
            <arg value="OFF"/>
            <arg value="Expressions_Object" />
        </java>
        <java classname="${classname}" classpath="bin" output="tests-x.txt" append="true">
            <classpath refid="cp" />
            <arg value="-v"/>
            <arg value="-m"/>
            <arg value="tests-x"/>
            <arg value="-d"/>
            <arg value="OFF"/>
            <arg value="Expressions_Operator" />
        </java>
        <java classname="${classname}" classpath="bin" output="tests-x.txt" append="true">
            <classpath refid="cp" />
            <arg value="-v"/>
            <arg value="-m"/>
            <arg value="tests-x"/>
            <arg value="-d"/>
            <arg value="OFF"/>
            <arg value="Expressions_Sequence_Construction" />
        </java>
        <java classname="${classname}" classpath="bin" output="tests-x.txt" append="true">
            <classpath refid="cp" />
            <arg value="-v"/>
            <arg value="-m"/>
            <arg value="tests-x"/>
            <arg value="-d"/>
            <arg value="OFF"/>
            <arg value="Expressions_Sequence_Expansion_Reduction" />
        </java>
        <java classname="${classname}" classpath="bin" output="tests-x.txt" append="true">
            <classpath refid="cp" />
            <arg value="-v"/>
            <arg value="-m"/>
            <arg value="tests-x"/>
            <arg value="-d"/>
            <arg value="OFF"/>
            <arg value="Expressions_Sequence_Operation" />
        </java>
        <java classname="${classname}" classpath="bin" output="tests-x.txt" append="true">
            <classpath refid="cp" />
            <arg value="-v"/>
            <arg value="-m"/>
            <arg value="tests-x"/>
            <arg value="-d"/>
            <arg value="OFF"/>
            <arg value="Expressions_SuperConstructors" />
        </java>
        <java classname="${classname}" classpath="bin" output="tests-x.txt" append="true">
            <classpath refid="cp" />
            <arg value="-v"/>
            <arg value="-m"/>
            <arg value="tests-x"/>
            <arg value="-d"/>
            <arg value="OFF"/>
            <arg value="Statements_Accept" />
        </java>
        <java classname="${classname}" classpath="bin" output="tests-x.txt" append="true">
            <classpath refid="cp" />
            <arg value="-v"/>
            <arg value="-m"/>
            <arg value="tests-x"/>
            <arg value="-d"/>
            <arg value="OFF"/>
            <arg value="Statements_Classify" />
        </java>
        <java classname="${classname}" classpath="bin" output="tests-x.txt" append="true">
            <classpath refid="cp" />
            <arg value="-v"/>
            <arg value="-m"/>
            <arg value="tests-x"/>
            <arg value="-d"/>
            <arg value="OFF"/>
            <arg value="Statements_Conditional" />
        </java>
        <java classname="${classname}" classpath="bin" output="tests-x.txt" append="true">
            <classpath refid="cp" />
            <arg value="Statements_For_Looping" />
        </java>
        <java classname="${classname}" classpath="bin" output="tests-x.txt" append="true">
            <classpath refid="cp" />
            <arg value="-v"/>
            <arg value="-m"/>
            <arg value="tests-x"/>
            <arg value="-d"/>
            <arg value="OFF"/>
            <arg value="Statements_Simple" />
        </java>
        <java classname="${classname}" classpath="bin" output="tests-x.txt" append="true">
            <classpath refid="cp" />
            <arg value="-v"/>
            <arg value="-m"/>
            <arg value="tests-x"/>
            <arg value="-d"/>
            <arg value="OFF"/>
            <arg value="Statements_While_Do_Looping" />
        </java>
    </target>
</project>
